N,FFT,OMP,rep,first_residual,last_residual,Qext,elapsed_time,elapsed_seconds,num_iterations
150,GPFAFT,1,3,0.5608136304886928,0.0000877098170831,3.5890128352893464E+00,5:20.35,320.3500,54
250,GPFAFT,1,3,0.5608093949958108,0.0000861932836703,3.5890381588004328E+00,24:48.74,1488.7400,54
250,GPFAFT,1,1,0.5608093949958108,0.0000861932836703,3.5890381588004328E+00,24:40.66,1480.6600,54
150,FFTMKL,1,1,0.5608136304886936,0.0000876844886752,3.5890128352951014E+00,3:02.96,182.9600,54
250,FFTMKL,1,1,0.5608093949958108,0.0000862281276026,3.5890381588209035E+00,14:16.18,856.1800,54
150,GPFAFT,1,2,0.5608136304886928,0.0000877098170831,3.5890128352893464E+00,5:21.54,321.5400,54
250,GPFAFT,1,2,0.5608093949958108,0.0000861932836703,3.5890381588004328E+00,24:45.18,1485.1800,54
250,FFTMKL,1,3,0.5608093949958108,0.0000862281276026,3.5890381588209035E+00,14:26.43,866.4300,54
250,FFTMKL,1,2,0.5608093949958108,0.0000862281276026,3.5890381588209035E+00,14:18.51,858.5100,54
150,FFTMKL,1,2,0.5608136304886936,0.0000876844886752,3.5890128352951014E+00,3:04.93,184.9300,54
150,GPFAFT,1,1,0.5608136304886928,0.0000877098170831,3.5890128352893464E+00,5:23.64,323.6400,54
150,FFTMKL,1,3,0.5608136304886936,0.0000876844886752,3.5890128352951014E+00,3:05.02,185.0200,54
250,FFTMKL,10,2,0.5608093949958108,0.0000862281276026,3.5890381588209035E+00,11:55.22,715.2200,54
250,GPFAFT,2,2,0.5608093949958108,0.0000861932836703,3.5890381588004328E+00,23:12.39,1392.3900,54
150,GPFAFT,22,3,0.5608136304886928,0.0000877098170831,3.5890128352893464E+00,4:49.24,289.2400,54
150,GPFAFT,10,3,0.5608136304886928,0.0000877098170831,3.5890128352893464E+00,4:46.78,286.7800,54
150,FFTMKL,2,1,0.5608136304886936,0.0000876844886752,3.5890128352951014E+00,2:37.10,157.1000,54
250,GPFAFT,2,3,0.5608093949958108,0.0000861932836703,3.5890381588004328E+00,23:07.05,1387.0500,54
150,FFTMKL,5,1,0.5608136304886936,0.0000876844886752,3.5890128352951014E+00,2:25.70,145.7000,54
150,GPFAFT,10,2,0.5608136304886928,0.0000877098170831,3.5890128352893464E+00,4:46.49,286.4900,54
250,GPFAFT,10,2,0.5608093949958108,0.0000861932836703,3.5890381588004328E+00,22:28.91,1348.9100,54
250,GPFAFT,5,3,0.5608093949958108,0.0000861932836703,3.5890381588004328E+00,22:25.42,1345.4200,54
250,GPFAFT,22,2,0.5608093949958108,0.0000861932836703,3.5890381588004328E+00,22:33.15,1353.1500,54
150,FFTMKL,15,3,0.5608136304886936,0.0000876844886752,3.5890128352951014E+00,2:28.09,148.0900,54
250,GPFAFT,15,3,0.5608093949958108,0.0000861932836703,3.5890381588004328E+00,22:28.57,1348.5700,54
150,GPFAFT,5,1,0.5608136304886928,0.0000877098170831,3.5890128352893464E+00,4:45.02,285.0200,54
150,GPFAFT,5,3,0.5608136304886928,0.0000877098170831,3.5890128352893464E+00,4:45.25,285.2500,54
250,GPFAFT,5,1,0.5608093949958108,0.0000861932836703,3.5890381588004328E+00,22:20.63,1340.6300,54
150,FFTMKL,10,2,0.5608136304886936,0.0000876844886752,3.5890128352951014E+00,2:29.14,149.1400,54
150,FFTMKL,22,2,0.5608136304886936,0.0000876844886752,3.5890128352951014E+00,2:32.37,152.3700,54
150,FFTMKL,22,3,0.5608136304886936,0.0000876844886752,3.5890128352951014E+00,2:32.83,152.8300,54
150,GPFAFT,2,2,0.5608136304886928,0.0000877098170831,3.5890128352893464E+00,4:56.57,296.5700,54
250,FFTMKL,22,2,0.5608093949958108,0.0000862281276026,3.5890381588209035E+00,12:04.46,724.4600,54
250,GPFAFT,22,1,0.5608093949958108,0.0000861932836703,3.5890381588004328E+00,22:27.46,1347.4600,54
150,FFTMKL,5,3,0.5608136304886936,0.0000876844886752,3.5890128352951014E+00,2:26.29,146.2900,54
150,FFTMKL,10,3,0.5608136304886936,0.0000876844886752,3.5890128352951014E+00,2:27.23,147.2300,54
150,GPFAFT,15,1,0.5608136304886928,0.0000877098170831,3.5890128352893464E+00,4:44.83,284.8300,54
250,FFTMKL,10,1,0.5608093949958108,0.0000862281276026,3.5890381588209035E+00,11:54.69,714.6900,54
150,FFTMKL,2,2,0.5608136304886936,0.0000876844886752,3.5890128352951014E+00,2:37.82,157.8200,54
250,GPFAFT,5,2,0.5608093949958108,0.0000861932836703,3.5890381588004328E+00,22:15.05,1335.0500,54
250,GPFAFT,15,1,0.5608093949958108,0.0000861932836703,3.5890381588004328E+00,22:24.36,1344.3600,54
250,GPFAFT,10,1,0.5608093949958108,0.0000861932836703,3.5890381588004328E+00,22:17.58,1337.5800,54
250,GPFAFT,2,1,0.5608093949958108,0.0000861932836703,3.5890381588004328E+00,23:03.30,1383.3000,54
150,GPFAFT,15,2,0.5608136304886928,0.0000877098170831,3.5890128352893464E+00,4:44.15,284.1500,54
250,FFTMKL,2,3,0.5608093949958108,0.0000862281276026,3.5890381588209035E+00,12:44.26,764.2600,54
250,FFTMKL,15,1,0.5608093949958108,0.0000862281276026,3.5890381588209035E+00,11:52.68,712.6800,54
150,FFTMKL,10,1,0.5608136304886936,0.0000876844886752,3.5890128352951014E+00,2:27.67,147.6700,54
250,GPFAFT,15,2,0.5608093949958108,0.0000861932836703,3.5890381588004328E+00,22:17.93,1337.9300,54
150,FFTMKL,15,1,0.5608136304886936,0.0000876844886752,3.5890128352951014E+00,2:27.94,147.9400,54
150,FFTMKL,2,3,0.5608136304886936,0.0000876844886752,3.5890128352951014E+00,2:38.50,158.5000,54
150,FFTMKL,5,2,0.5608136304886936,0.0000876844886752,3.5890128352951014E+00,2:25.30,145.3000,54
250,FFTMKL,5,3,0.5608093949958108,0.0000862281276026,3.5890381588209035E+00,11:52.17,712.1700,54
150,GPFAFT,2,1,0.5608136304886928,0.0000877098170831,3.5890128352893464E+00,4:56.02,296.0200,54
250,FFTMKL,5,1,0.5608093949958108,0.0000862281276026,3.5890381588209035E+00,11:52.18,712.1800,54
250,FFTMKL,15,2,0.5608093949958108,0.0000862281276026,3.5890381588209035E+00,11:50.44,710.4400,54
250,FFTMKL,22,3,0.5608093949958108,0.0000862281276026,3.5890381588209035E+00,11:57.67,717.6700,54
250,FFTMKL,2,2,0.5608093949958108,0.0000862281276026,3.5890381588209035E+00,12:42.43,762.4300,54
250,GPFAFT,22,3,0.5608093949958108,0.0000861932836703,3.5890381588004328E+00,22:22.25,1342.2500,54
250,FFTMKL,10,3,0.5608093949958108,0.0000862281276026,3.5890381588209035E+00,11:53.47,713.4700,54
150,GPFAFT,15,3,0.5608136304886928,0.0000877098170831,3.5890128352893464E+00,4:44.99,284.9900,54
150,GPFAFT,10,1,0.5608136304886928,0.0000877098170831,3.5890128352893464E+00,4:46.33,286.3300,54
150,FFTMKL,15,2,0.5608136304886936,0.0000876844886752,3.5890128352951014E+00,2:27.54,147.5400,54
150,GPFAFT,22,2,0.5608136304886928,0.0000877098170831,3.5890128352893464E+00,4:54.02,294.0200,54
150,GPFAFT,5,2,0.5608136304886928,0.0000877098170831,3.5890128352893464E+00,4:44.23,284.2300,54
250,FFTMKL,2,1,0.5608093949958108,0.0000862281276026,3.5890381588209035E+00,12:44.29,764.2900,54
250,FFTMKL,5,2,0.5608093949958108,0.0000862281276026,3.5890381588209035E+00,11:51.16,711.1600,54
150,GPFAFT,2,3,0.5608136304886928,0.0000877098170831,3.5890128352893464E+00,4:56.53,296.5300,54
250,FFTMKL,15,3,0.5608093949958108,0.0000862281276026,3.5890381588209035E+00,11:51.60,711.6000,54
250,GPFAFT,10,3,0.5608093949958108,0.0000861932836703,3.5890381588004328E+00,22:21.95,1341.9500,54
250,FFTMKL,22,1,0.5608093949958108,0.0000862281276026,3.5890381588209035E+00,11:57.17,717.1700,54
150,FFTMKL,22,1,0.5608136304886936,0.0000876844886752,3.5890128352951014E+00,2:31.80,151.8000,54
150,GPFAFT,22,1,0.5608136304886928,0.0000877098170831,3.5890128352893464E+00,4:50.76,290.7600,54
